{
  "left_K": [
    [11620.41949860, 0.000000000000, 1230.783581102],
    [0.000000000000, 11701.14459669, 1028.033074166],
    [0.000000000000, 0.000000000000, 1.000000000000]
  ],
  "left_distortion": [
    -0.03255262405768,
    12.70452301158,
    0.0005738878820441,
    0.0006981273884823,
    -0.07879377198849
  ],
  "right_K": [
    [11171.43856144, 0.000000000000, 1308.625629890],
    [0.000000000000, 11256.38852514, 1076.563108104],
    [0.000000000000, 0.000000000000, 1.000000000000]
  ],
  "Rt": [
    [0.7448959753073, -0.4289311734946, 0.5110264517377, -210.2206470274],
    [-0.03831573778913, 0.7371824474687, 0.6746065100351, -274.3805127876],
    [-0.6660794924097, -0.5220920297693, 0.5326894238134, 160.1188974716]
  ],
  "right_distortion": [
    0.05819953427320,
    -1.431065765597,
    0.004998971882299,
    0.002920663434594,
    -0.5962484093245
  ]
}